december	100	48643_874080	2017-12-27 07:47:31	view_search_recommended
december	100	48643_874080	2017-12-27 07:47:35	view_search
december	100	33107_931686	2017-12-27 07:52:12	view
december	100	33107_931686	2017-12-27 07:52:28	download
december	100	33107_931686	2017-12-27 07:52:33	participat
december	100	33107_931686	2017-12-27 07:52:35	view
december	100	33107_931686	2017-12-27 07:52:39	view_search
december	100	163475_933444	2017-12-27 08:06:08	participat
december	100	163475_925970	2017-12-27 08:06:08	download
december	100	163475_933444	2017-12-27 08:06:12	view
december	100	123123_564454	2017-12-27 08:07:12	view
december	100	123123_564454	2017-12-27 08:08:12	view
december	100	123123_564454	2017-12-27 08:09:12	view
december	100	123123_564454	2017-12-27 08:10:12	view
december	100	163475_933444	2017-12-27 08:11:12	view_search_recommended
